device,impressions,clicks,cost,conversions
DESKTOP,3536,321,994.9362110000001,100.0
MOBILE,6652,561,1607.254099,141.000706
TABLET,276,28,58.673356,4.0
