device,impressions,clicks,cost,conversions
DESKTOP,3868,297,1085.35943,115.0
MOBILE,8821,663,1978.183465,167.998795
TABLET,312,25,66.311376,9.0
