device,impressions,clicks,cost,conversions
DESKTOP,2978,254,926.134374,76.0
MOBILE,6410,532,1719.474651,138.0
TABLET,187,23,52.877539,3.0
