device,impressions,clicks,cost,conversions
DESKTOP,2999,564,702.109262,4.0
MOBILE,14580,1950,3178.192598,33.0
TABLET,549,40,72.373547,1.0
