device,impressions,clicks,cost,conversions
DESKTOP,1897,384,559.6744199999999,10.0
MOBILE,12546,1495,8286.561803999999,175.0
TABLET,327,30,70.41619399999999,2.0
