device,impressions,clicks,cost,conversions
DESKTOP,1624,347,519.00442,10.0
MOBILE,11635,1398,8115.786152999999,175.0
TABLET,277,27,61.80619399999999,2.0
