device,impressions,clicks,cost,conversions
DESKTOP,3501,592,865.905285,16.0
MOBILE,18670,2179,9571.898625,182.0
TABLET,575,60,128.563031,2.0
