device,impressions,clicks,cost,conversions
DESKTOP,2124,508,592.0902540000001,6.0
MOBILE,10071,1584,3271.5876669999993,72.0
TABLET,291,23,88.52000000000001,2.0
