network,impressions,clicks,cost,conversions
CONTENT,4019,458,755.361785,94.008548
MIXED,14877,915,2234.964763,148.993412
SEARCH,33749,7975,3553.068782,674.447532
