network,impressions,clicks,cost,conversions
CONTENT,1058,72,144.040744,0.0
MIXED,2726,103,353.08624,15.0
SEARCH,10648,1393,2753.986068,64.992915
