network,impressions,clicks,cost,conversions
CONTENT,13378,538,901.36746,55.94408
MIXED,26966,809,2206.34551,80.045662
SEARCH,39172,7234,6268.575532,416.953622
