network,impressions,clicks,cost,conversions
CONTENT,2203,283,500.467548,54.038195
MIXED,12560,596,1500.862518,89.680156
SEARCH,22474,5369,2389.962947,416.58651000000003
