network,impressions,clicks,cost,conversions
SEARCH,23862,5287,3157.0823999999993,346.869326
CONTENT,2911,328,534.6050600000001,54.94408
MIXED,15201,556,1509.5865940000003,72.045662
