network,impressions,clicks,cost,conversions
SEARCH,26321,5659,3487.585790999999,356.869326
CONTENT,3049,345,556.5713890000001,55.94408
MIXED,16051,589,1613.8173810000003,74.045662
