network,impressions,clicks,cost,conversions
SEARCH,22474,5369,2389.9629470000004,415.5845359999999
CONTENT,2203,283,500.4675480000001,54.038195
MIXED,12560,596,1500.8625180000001,88.680156
