device,impressions,clicks,cost,conversions
DESKTOP,1929,94,1032.051498,26.0
MOBILE,7265,439,4113.269613,77.99855600000001
TABLET,79,8,147.922322,1.0
