device,impressions,clicks,cost,conversions
CONNECTED_TV,714041,0,3738.675036,205.0
DESKTOP,100031,11699,4980.295181,2549.620523
MOBILE,1293898,22277,23800.701925,11613.076346
TABLET,61338,544,688.41605,118.000139
