device,impressions,clicks,cost,conversions
CONNECTED_TV,2172187,1,11533.897434,0.0
DESKTOP,177459,12299,3209.531018,265.629487
MOBILE,655124,22855,29137.634132,3058.4241190000002
TABLET,141080,514,933.01003,21.567574999999998
