device,impressions,clicks,cost,conversions
DESKTOP,182336,15297,5261.028071,1234.0671739999998
MOBILE,362269,24667,24336.957228000014,4559.5618829999985
TABLET,123561,677,907.3349819999997,87.99986100000001
CONNECTED_TV,2360043,1,11585.336475,0.0
