device,impressions,clicks,cost,conversions
DESKTOP,91029,8560,2141.1809200000007,257.916435
MOBILE,364373,13828,15319.972955000003,1730.9186079999997
TABLET,103788,392,686.7050320000001,14.567575
CONNECTED_TV,1443047,1,7568.045288999998,0.0
