device,impressions,clicks,cost,conversions
DESKTOP,122848,9010,2487.650169,263.115915
MOBILE,403909,14793,16845.566422000007,1877.2110759999998
TABLET,107826,402,710.9201179999999,14.567575
CONNECTED_TV,1514036,1,7959.085864999998,0.0
