device,impressions,clicks,cost,conversions
CONNECTED_TV,323001,0,1755.612519,0.0
DESKTOP,21814,1731,294.646272,20.0
MOBILE,172169,3995,5366.89332,731.439886
TABLET,19022,87,137.894924,0.0
