device,impressions,clicks,cost,conversions
CONNECTED_TV,2360043,1,11585.336475,0.0
DESKTOP,182336,15297,5261.028071,1082.067174
MOBILE,362269,24667,24336.957228,4177.561883
TABLET,123561,677,907.334982,84.999861
