network,impressions,clicks,cost,conversions
CONTENT,3599658,1388,3077.094157,0.0
SEARCH,153941,35288,33605.442209,504.801786
SEARCH_PARTNERS,2582,149,251.283987,1.0
