network,impressions,clicks,cost,conversions
CONTENT,458253,265,392.807978,0.0
SEARCH,32877,6891,5820.973592,37.325532
SEARCH_PARTNERS,172,11,5.920267,0.0
