network,impressions,clicks,cost,conversions
SEARCH,60704,12733,7818.6019700000015,0.0
SEARCH_PARTNERS,427,12,6.875095999999999,0.0
CONTENT,1489476,691,1173.9192849999997,0.0
