network,impressions,clicks,cost,conversions
SEARCH,67117,13993,8367.727562000002,0.0
SEARCH_PARTNERS,478,15,7.385095999999999,0.0
CONTENT,1630757,745,1287.274484,0.0
