network,impressions,clicks,cost,conversions
CONTENT,3866655,1825,3055.963655,0.0
SEARCH,164735,35670,31057.834742,394.16683
SEARCH_PARTNERS,2065,50,20.860877,0.0
