network,impressions,clicks,cost,conversions
SEARCH,164735,35670,31057.83474200001,348.18932000000007
SEARCH_PARTNERS,2065,50,20.860877000000002,0.0
CONTENT,3866655,1825,3055.963655,0.0
