network,impressions,clicks,cost,conversions
CONTENT,2641830,1304,2126.200832,0.0
SEARCH,134581,26342,19470.851592,198.395439
SEARCH_PARTNERS,869,21,10.318674,0.0
