network,impressions,clicks,cost,conversions
MIXED,1229661,12548,11385.605333,6661.299471
SEARCH,71641,21894,17228.216545,7824.397537
YOUTUBE,868006,79,4594.506314,0.0
