network,impressions,clicks,cost,conversions
SEARCH,108967,32167,19513.516429,4287.594885
MIXED,99769,8249,9079.78068,1594.034033
YOUTUBE,2819473,226,13497.359647000001,0.0
