network,impressions,clicks,cost,conversions
MIXED,141591,1293,2232.761911,193.354548
SEARCH,17668,4461,3310.332213,558.085338
YOUTUBE,376747,59,2011.9529109999999,0.0
