network,impressions,clicks,cost,conversions
SEARCH,63183,18735,11563.246400000005,1303.7797229999999
MIXED,120483,5017,6228.602659000001,851.1163089999998
YOUTUBE,1964860,449,10205.995959999998,0.0
