network,impressions,clicks,cost,conversions
MIXED,99769,8249,9079.78068,1595.034033
SEARCH,108967,32167,19513.516429,3749.594885
YOUTUBE,2819473,226,13497.359647,0.0
