network,impressions,clicks,cost,conversions
MIXED,262665,6672,8905.36736,1062.455398
SEARCH,106227,28385,21332.696864,2283.167249
YOUTUBE,2776958,612,14576.008389999999,0.0
