network,impressions,clicks,cost,conversions
SEARCH,57032,17501,10275.642788000003,1172.447641
MIXED,69327,4850,5717.621175000001,830.9564429999998
YOUTUBE,1875878,430,9722.640232999998,0.0
