device,impressions,clicks,cost,conversions
CONNECTED_TV,1475,1,0.748152,0.0
DESKTOP,1420621,17374,14047.744881,219.72678
MOBILE,2081062,18724,22496.785874,285.073415
OTHER,3,0,0.003455,0.0
TABLET,253020,726,388.537991,1.0
