device,impressions,clicks,cost,conversions
DESKTOP,459277,6454,3202.1699700000004,0.0
MOBILE,965624,6636,5661.9294400000035,0.0
TABLET,125152,346,134.989956,0.0
CONNECTED_TV,269,0,0.166739,0.0
OTHER,285,0,0.14024600000000004,0.0
