device,impressions,clicks,cost,conversions
DESKTOP,1342614,17648,11813.984316999986,156.31294300000002
MOBILE,2387772,19067,21893.440710999992,190.87419899999992
TABLET,301108,829,426.4888420000001,1.0
CONNECTED_TV,1960,1,0.7450629999999999,0.0
OTHER,1,0,0.000341,0.0
