device,impressions,clicks,cost,conversions
CONNECTED_TV,473,0,0.322047,0.0
DESKTOP,855843,13103,7062.934839,84.689523
MOBILE,1699862,13931,14264.463657,111.705916
OTHER,297,0,0.146175,0.0
TABLET,220805,633,279.50438,2.0
