device,impressions,clicks,cost,conversions
OTHER,293,0,0.144663,0.0
DESKTOP,508965,7134,3428.9980290000003,0.0
MOBILE,1051392,7256,6088.363304000002,0.0
TABLET,137430,363,144.710549,0.0
CONNECTED_TV,272,0,0.17059700000000003,0.0
