device,impressions,clicks,cost,conversions
CONNECTED_TV,112,0,0.048815,0.0
DESKTOP,160742,3644,1842.028891,18.325532
MOBILE,293747,3358,4329.063458,18.0
OTHER,1,0,0.000956,0.0
TABLET,36700,165,48.559717,1.0
