device,impressions,clicks,cost,conversions
CONNECTED_TV,1960,1,0.745063,0.0
DESKTOP,1342614,17648,11813.984317,172.839361
MOBILE,2387772,19067,21893.440711,219.325291
OTHER,1,0,0.000341,0.0
TABLET,301108,829,426.488842,2.0
