campaign_id,campaign_name,impressions,clicks,cost,conversions
22941603101,Canada-US,8977,761,2257.013385,213.000706
22942113116,TOF US-US Broad,1487,149,403.850281,32.0
