campaign_id,campaign_name,impressions,clicks,cost,conversions
22941603101,Canada-US,10102,760,2431.879156,234.998795
22942113116,TOF US-US Broad,2899,225,697.975115,57.0
