campaign_id,campaign_name,impressions,clicks,cost,conversions
22941603101,Canada-US,6836,579,1888.7544659999999,150.5
22942113116,TOF US-US Broad,2739,230,809.732098,66.5
