device,impressions,clicks,cost,conversions
CONNECTED_TV,868090,64,2485.405463,2915.0
DESKTOP,97872,3584,846.459079,558.221069
MOBILE,1978496,20944,12330.661367,8094.779606
TABLET,62044,483,238.24615500000002,107.97990300000001
