device,impressions,clicks,cost,conversions
DESKTOP,106310,5877,1070.324105,800.489901
MOBILE,2991928,29643,14496.895117000004,11854.299605999999
TABLET,81054,715,250.86485000000002,233.000066
CONNECTED_TV,775720,82,1829.9488729999996,2789.0
