device,impressions,clicks,cost,conversions
CONNECTED_TV,859341,76,2484.116132,2779.0
DESKTOP,137408,6461,924.093559,835.518209
MOBILE,2362877,28602,11511.335148,8837.919425
TABLET,72905,802,245.801177,231.418604
