device,impressions,clicks,cost,conversions
CONNECTED_TV,775720,82,1829.948873,2789.0
DESKTOP,106310,5877,1070.324105,801.989901
MOBILE,2991928,29643,14496.895117,11860.300434
TABLET,81054,715,250.86485,233.000066
