device,impressions,clicks,cost,conversions
DESKTOP,123559,4453,682.9375990000002,578.9905510000001
MOBILE,1894153,20200,8979.737814000007,5787.475901999999
TABLET,68039,656,215.17761099999984,192.0
CONNECTED_TV,729484,46,2141.4338979999998,2160.0
