device,impressions,clicks,cost,conversions
CONNECTED_TV,387985,19,1019.36247,38.0
DESKTOP,20609,1396,177.764677,41.196934
MOBILE,343144,4819,1837.923292,229.781772
TABLET,8089,80,29.763354,3.0
