device,impressions,clicks,cost,conversions
DESKTOP,121862,4200,659.584913,551.046661
MOBILE,1839751,19277,8667.947522000002,5654.742361999998
TABLET,67361,636,213.121735,187.0
CONNECTED_TV,718479,44,2113.964362,2134.0
