device,impressions,clicks,cost,conversions
CONNECTED_TV,310477,108,1848.838437,0.0
DESKTOP,132411,6385,13948.12613,622.876994
MOBILE,1078211,13013,37052.495298,1554.714209
OTHER,39,1,2.693202,0.0
TABLET,244290,888,2388.955857,36.5
