device,impressions,clicks,cost,conversions
CONNECTED_TV,54244,16,260.730796,1.0
DESKTOP,26222,2283,2426.40139,118.839432
MOBILE,196464,4009,6387.03216,374.559282
OTHER,4,0,0.017909,0.0
TABLET,31887,246,410.45391,10.0
