device,impressions,clicks,cost,conversions
OTHER,79,1,0.530539,0.0
DESKTOP,101282,6912,7021.217312000001,462.287593
MOBILE,969553,13834,26041.505921999993,1251.4689389999999
TABLET,135122,914,1361.6902239999993,58.0
CONNECTED_TV,141560,56,771.153263,3.95873
