device,impressions,clicks,cost,conversions
CONNECTED_TV,620829,263,3162.845445,5.974418
DESKTOP,253369,6173,8560.308694,591.759458
MOBILE,1785484,13709,26468.699043,1233.382539
OTHER,95,2,5.569267,0.0
TABLET,391018,1564,2347.052781,37.0
