device,impressions,clicks,cost,conversions
OTHER,87,1,0.587245,0.0
DESKTOP,110287,7370,7461.111235,486.287593
MOBILE,1016280,14652,27573.75542499998,1310.4406129999998
TABLET,141111,958,1417.9571219999991,58.0
CONNECTED_TV,148165,54,809.5270280000002,3.95873
