device,impressions,clicks,cost,conversions
DESKTOP,253369,6173,8560.308693999994,583.9059709999999
MOBILE,1785484,13709,26468.699043,1230.9771940000003
TABLET,391018,1564,2347.0527810000003,37.0
CONNECTED_TV,620829,263,3162.8454449999995,4.974418
OTHER,95,2,5.569267,0.0
