device,impressions,clicks,cost,conversions
CONNECTED_TV,205226,75,1150.40199,8.327147
DESKTOP,186625,11038,11415.912028,827.560808
MOBILE,1398630,22147,42547.344357,2244.419963
OTHER,89,1,0.601656,0.0
TABLET,195186,1470,2045.632175,100.914615
