network,impressions,clicks,cost,conversions
CONTENT,717,7,26.412696999999998,0.0
MIXED,3334782,29935,15185.905484,12669.771201
SEARCH,10519,2167,908.688344,22.791678
SEARCH_PARTNERS,161,14,6.727869,0.0
YOUTUBE,608833,4194,1520.298551,2991.727522
