network,impressions,clicks,cost,conversions
SEARCH,1340,205,218.01159299999998,5.243944
SEARCH_PARTNERS,29,7,5.276661000000001,0.0
CONTENT,556,4,1.242896,0.0
YOUTUBE,299516,3017,1012.2939070000003,1179.468372
MIXED,2446012,20924,10417.793475,7342.076706999997
