network,impressions,clicks,cost,conversions
SEARCH,1379,215,232.42544999999996,6.243944
SEARCH_PARTNERS,29,7,5.276661000000001,0.0
CONTENT,613,4,1.242896,0.0
MIXED,2496361,21998,10720.463791999999,7494.754731999999
YOUTUBE,316853,3131,1059.8781230000002,1217.467777
