device,impressions,clicks,cost,conversions
CONNECTED_TV,1199,0,10.284861,1.01215
DESKTOP,3570,552,341.528401,48.0
MOBILE,46509,8671,6105.617891,860.4373420000001
OTHER,43,0,0.0,0.0
TABLET,1324,124,84.624578,8.0
