device,impressions,clicks,cost,conversions
CONNECTED_TV,1432,0,12.617599,0.025452
DESKTOP,6204,580,512.453311,37.916714
MOBILE,67947,7832,8759.453194,508.086662
OTHER,37,2,0.7750330000000001,0.0
TABLET,3896,167,90.989365,6.914536
