device,impressions,clicks,cost,conversions
CONNECTED_TV,124,0,1.401095,0.0
DESKTOP,1174,91,65.266769,2.0
MOBILE,12867,1450,3167.318088,77.992915
TABLET,267,27,17.1271,0.0
