device,impressions,clicks,cost,conversions
CONNECTED_TV,1474,1,13.724083,0.914368
DESKTOP,2500,309,190.188162,23.083286
MOBILE,32417,5833,4105.889487,529.307207
OTHER,8,1,0.259244,0.0
TABLET,838,104,81.232037,7.0
