device,impressions,clicks,cost,conversions
OTHER,11,0,0.0,0.0
DESKTOP,3228,451,315.37830399999984,34.916714
MOBILE,36285,5624,4830.973794000004,432.0023659999999
TABLET,1270,96,44.55248900000001,6.914536
CONNECTED_TV,1180,0,10.369466999999998,0.025452
