device,impressions,clicks,cost,conversions
OTHER,11,0,0.0,0.0
DESKTOP,3528,479,340.8503259999999,36.916714
MOBILE,39344,6010,5259.308624000003,443.0023659999999
TABLET,1340,104,47.32637700000001,6.914536
CONNECTED_TV,1198,0,10.489234,0.025452
