device,impressions,clicks,cost,conversions
DESKTOP,2500,309,190.188162,23.083286
MOBILE,32417,5833,4105.8894869999995,527.3052329999998
TABLET,838,104,81.23203699999998,7.0
OTHER,8,1,0.259244,0.0
CONNECTED_TV,1474,1,13.724083000000002,0.9143680000000001
