network,impressions,clicks,cost,conversions
SEARCH,44314,10874,14993.265355999998,1020.3985380000001
CONTENT,574301,1014,2310.115404,5.0
MIXED,65545,7894,10300.590791999997,672.546915
YOUTUBE,241027,257,1168.7636559999999,2.0
GOOGLE_TV,85,0,0.25499700000000003,0.0
GMAIL,373206,737,4372.589772,56.769809
DISCOVER,49118,941,2050.5172829999997,19.0
