network,impressions,clicks,cost,conversions
CONTENT,1754103,4265,6985.572004,9.0
DISCOVER,20538,252,1254.251077,12.009548
GMAIL,142927,340,1745.200008,18.0
GOOGLE_TV,26,0,0.047737,0.0
MIXED,19982,1656,3294.760044,97.010796
SEARCH,59196,13912,22070.097282,1711.618315
YOUTUBE,1054023,1286,5194.547078,20.477756
