network,impressions,clicks,cost,conversions
SEARCH,46770,11524,15865.469394999996,1076.0368789999998
CONTENT,597678,1064,2414.965797,5.0
MIXED,70884,8393,10988.208002999994,697.8802480000002
YOUTUBE,251700,266,1221.1933469999997,2.0
GOOGLE_TV,115,0,0.33194199999999996,0.0
GMAIL,399412,844,4688.364747,58.769809
DISCOVER,49371,944,2084.4048239999997,19.0
