campaign_id,campaign_name,impressions,clicks,cost,conversions
23504365164,PMax - Ascend Checking,383917,6874,1990.45751,1197.614066
23473699144,Competitor 2026,88459,5958,1005.831583,644.932533
23456979108,PMax - uphora Balance Transfer Q1 2026,1698285,3957,5773.076378,4623.99019
21641193985,Demand Gen - Overall Brand - All Products,296421,3003,1002.872141,1203.468372
23093430697,Evergreen PMax - Auto,40848,2876,406.44149,359.539918
23346863439,Goodbuy Community Marketplace - PMax,225469,1088,1212.121886,538.0
8701600450,SEARCH | Ascend Checking,1138,166,151.350702,2.243944
20266474689,SEARCH | Auto Expert,768,49,72.63144,3.0
